year,month,start_of_month,sessions,orders
2012,April,2012-04-01,3574,92
2012,August,2012-08-01,4877,184
2012,July,2012-07-01,3811,145
2012,June,2012-06-01,3578,121
2012,March,2012-03-19,1860,60
2012,May,2012-05-01,3410,97
2012,November,2012-11-01,8889,373
2012,October,2012-10-01,5534,234
2012,September,2012-09-01,4491,188
